path	title	composer	genre	voicing
/assets/pdf/Eccard Aus Lieb läßt Gott der Christenheit.pdf	Aus Lieb läßt Gott der Christenheit	Johannes Eccard	Hymn	SSATB
/assets/pdf/Eccard Der große Tag des Herren.pdf	Der große Tag des Herren	Johannes Eccard	Hymn	SAATB
/assets/pdf/Eccard Erbarm dich mein a5.pdf	Erbarm dich mein, o Herre Gott	Johannes Eccard	Hymn	SATTB
/assets/pdf/Eccard Freut euch ihr lieben Christen.pdf	Freut euch ihr lieben Christen	Johannes Eccard	Hymn	SATB
/assets/pdf/Eccard Through Jesus' Blood and Merit.pdf	Through Jesus' Blood and Merit (stanza 2)	Johannes Eccard	Hymn stanza	SSATB
/assets/pdf/Eccard Lob Gott getrost mit singen.pdf	Lob Gott getrost mit singen	Johannes Eccard	Hymn	SSATB
/assets/pdf/Eccard Maria wallt zum Heiligtum.pdf	Maria wallt zum Heiligtum	Johannes Eccard	Motet	SSATBarB
/assets/pdf/Eccard Mein schönste Zier.pdf	Mein schönste Zier und Kleinod bist	Johannes Eccard	Hymn	SSATB
/assets/pdf/Eccard Was der alten Väter Schar.pdf	Was der alten Väter Schar	Johannes Eccard	Hymn stanza	SSATB
/assets/pdf/Eccard Weil unser Trost.pdf	Weil unser Trost, der Herre Christ	Johannes Eccard	Hymn	SSATB